prefix,Generation,Species,sex.g
DBMN01_142_S142_L005_R1_001,NA,albomicans,M
DBMN01_192_S192_L005_R1_001,NA,albomicans,F
DBMN01_375_S375_L005_R1_001,NA,nasuta,F
DBMN01_376_S376_L005_R1_001,NA,nasuta,M
DBMN02B_N701_S501_S431_L004_R1_001,27,A1,M
DBMN02B_N701_S502_S455_L004_R1_001,27,A1,F
DBMN02B_N701_S503_S479_L004_R1_001,27,A1,F
DBMN02B_N701_S504_S503_L004_R1_001,27,A1,F
DBMN02B_N702_S501_S432_L004_R1_001,27,A1,F
DBMN02B_N702_S503_S480_L004_R1_001,27,A1,F
DBMN02B_N702_S504_S504_L004_R1_001,27,A1,NA
DBMN02B_N703_S501_S433_L004_R1_001,27,A1,M
DBMN02B_N703_S502_S457_L004_R1_001,27,A1,F
DBMN02B_N703_S503_S481_L004_R1_001,27,A1,M
DBMN02B_N703_S504_S505_L004_R1_001,27,A1,F
DBMN02B_N704_S501_S434_L004_R1_001,27,A1,F
DBMN02B_N704_S502_S458_L004_R1_001,27,A1,M
DBMN02B_N704_S503_S482_L004_R1_001,27,A1,NA
DBMN02B_N704_S504_S506_L004_R1_001,27,A1,M
DBMN02B_N704_S510_S650_L004_R1_001,18,x1,M
DBMN02B_N704_S511_S674_L004_R1_001,21,x1,M
DBMN02B_N704_S512_S698_L004_R1_001,21,x1,M
DBMN02B_N704_S513_S722_L004_R1_001,21,x1,M
DBMN02B_N705_S501_S435_L004_R1_001,27,A1,M
DBMN02B_N705_S502_S459_L004_R1_001,27,A1,F
DBMN02B_N705_S503_S483_L004_R1_001,27,A1,F
DBMN02B_N705_S510_S651_L004_R1_001,21,x1,M
DBMN02B_N705_S511_S675_L004_R1_001,21,x1,M
DBMN02B_N705_S512_S699_L004_R1_001,21,x1,M
DBMN02B_N706_S501_S436_L004_R1_001,27,A1,F
DBMN02B_N706_S502_S460_L004_R1_001,27,A1,M
DBMN02B_N706_S503_S484_L004_R1_001,27,A1,M
DBMN02B_N706_S510_S652_L004_R1_001,21,x1,M
DBMN02B_N706_S511_S676_L004_R1_001,21,x1,M
DBMN02B_N706_S512_S700_L004_R1_001,21,x1,M
DBMN02B_N707_S501_S437_L004_R1_001,27,A1,M
DBMN02B_N707_S502_S461_L004_R1_001,27,A1,F
DBMN02B_N707_S503_S485_L004_R1_001,27,A1,F
DBMN02B_N707_S509_S629_L004_R1_001,18,x1,M
DBMN02B_N707_S510_S653_L004_R1_001,21,x1,M
DBMN02B_N707_S511_S677_L004_R1_001,21,x1,M
DBMN02B_N707_S512_S701_L004_R1_001,21,x1,M
DBMN02B_N708_S501_S438_L004_R1_001,27,A1,F
DBMN02B_N708_S502_S462_L004_R1_001,27,A1,M
DBMN02B_N708_S503_S486_L004_R1_001,27,A1,M
DBMN02B_N708_S504_S510_L004_R1_001,27,A1,M
DBMN02B_N708_S509_S630_L004_R1_001,18,x1,M
DBMN02B_N708_S510_S654_L004_R1_001,21,x1,M
DBMN02B_N708_S511_S678_L004_R1_001,21,x1,M
DBMN02B_N708_S512_S702_L004_R1_001,21,x1,M
DBMN02B_N709_S501_S439_L004_R1_001,27,A1,M
DBMN02B_N709_S502_S463_L004_R1_001,27,A1,NA
DBMN02B_N709_S503_S487_L004_R1_001,27,A1,F
DBMN02B_N709_S504_S511_L004_R1_001,27,A1,M
DBMN02B_N709_S509_S631_L004_R1_001,18,x1,M
DBMN02B_N709_S510_S655_L004_R1_001,21,x1,M
DBMN02B_N709_S511_S679_L004_R1_001,21,x1,M
DBMN02B_N709_S512_S703_L004_R1_001,21,x1,M
DBMN02B_N710_S501_S440_L004_R1_001,27,A1,F
DBMN02B_N710_S502_S464_L004_R1_001,27,A1,M
DBMN02B_N710_S503_S488_L004_R1_001,27,A1,M
DBMN02B_N710_S504_S512_L004_R1_001,27,A1,M
DBMN02B_N711_S501_S441_L004_R1_001,27,A1,NA
DBMN02B_N711_S502_S465_L004_R1_001,27,A1,F
DBMN02B_N711_S503_S489_L004_R1_001,27,A1,F
DBMN02B_N711_S504_S513_L004_R1_001,27,A1,M
DBMN02B_N712_S501_S442_L004_R1_001,27,A1,M
DBMN02B_N712_S502_S466_L004_R1_001,27,A1,M
DBMN02B_N712_S503_S490_L004_R1_001,27,A1,M
DBMN02B_N712_S504_S514_L004_R1_001,27,A1,M
DBMN02B_N713_S507_S587_L004_R1_001,4,x1,M
DBMN02B_N713_S508_S611_L004_R1_001,4,x1,M
DBMN02B_N714_S507_S588_L004_R1_001,4,x1,M
DBMN02B_N715_S507_S589_L004_R1_001,4,x1,M
DBMN02B_N715_S508_S613_L004_R1_001,5,x1,M
DBMN02B_N716_S507_S590_L004_R1_001,4,x1,M
DBMN02B_N716_S508_S614_L004_R1_001,5,x1,M
DBMN02B_N716_S512_S710_L004_R1_001,21,x1,M
DBMN02B_N716_S513_S734_L004_R1_001,5,x1,M
DBMN02B_N716_S516_S806_L004_R1_001,4,x1,M
DBMN02B_N717_S508_S615_L004_R1_001,5,x1,M
DBMN02B_N717_S512_S711_L004_R1_001,21,x1,NA
DBMN02B_N717_S515_S783_L004_R1_001,3,x1,M
DBMN02B_N717_S516_S807_L004_R1_001,4,x1,M
DBMN02B_N718_S508_S616_L004_R1_001,5,x1,NA
DBMN02B_N718_S511_S688_L004_R1_001,21,x1,M
DBMN02B_N718_S512_S712_L004_R1_001,21,x1,M
DBMN02B_N718_S516_S808_L004_R1_001,4,x1,F
DBMN02B_N719_S508_S617_L004_R1_001,10,x1,M
DBMN02B_N719_S516_S809_L004_R1_001,4,x1,M
DBMN02B_N720_S512_S714_L004_R1_001,5,x1,NA
DBMN02B_N720_S515_S786_L004_R1_001,4,x1,M
DBMN02B_N721_S512_S715_L004_R1_001,5,x1,M
DBMN02B_N721_S515_S787_L004_R1_001,4,x1,M
DBMN02B_N724_S506_S574_L004_R1_001,4,x1,M
DBMN02B_N724_S507_S598_L004_R1_001,4,x1,M
DBMN03_N703_S505_S99_L008_R1_001,NA,nasuta,F
DBMN03_N703_S513_S291_L008_R1_001,NA,nasuta,F
DBMN03_N710_S504_S82_L008_R1_001,NA,nasuta,M
DBMN03_N710_S512_S274_L008_R1_001,NA,nasuta,M
DBMN03_N714_S507_S158_L008_R1_001,NA,nasuta,F
DBMN03_N723_S502_S47_L008_R1_001,NA,nasuta,M
DBMN03_N723_S510_S239_L008_R1_001,NA,nasuta,M
DBZW32_N701_S517_TAAGGCGA-GCGTAAGA_L001_R1_001,NA,albomicans,F
DBZW32_N705_S517_GGACTCCT-GCGTAAGA_L001_R1_001,NA,albomicans,M
DBZW33_100_N707_S504_S79_L008_R1_001,28,A1,F
DBZW33_114_N708_S502_S32_L008_R1_001,28,A1,F
DBZW33_115_N708_S503_S56_L008_R1_001,28,A1,F
DBZW33_116_N708_S504_S80_L008_R1_001,28,A1,F
DBZW33_130_N709_S502_S33_L008_R1_001,28,A1,F
DBZW33_131_N709_S503_S57_L008_R1_001,28,A1,F
DBZW33_132_N709_S504_S81_L008_R1_001,28,A1,F
DBZW33_146_N710_S502_S34_L008_R1_001,28,A1,F
DBZW33_147_N710_S503_S58_L008_R1_001,28,A1,F
DBZW33_148_N710_S504_S82_L008_R1_001,28,A1,F
DBZW33_159_N710_S515_S346_L008_R1_001,NA,albomicans,F
DBZW33_162_N711_S502_S35_L008_R1_001,28,A1,F
DBZW33_163_N711_S503_S59_L008_R1_001,28,A1,F
DBZW33_164_N711_S504_S83_L008_R1_001,28,A1,F
DBZW33_175_N711_S515_S347_L008_R1_001,NA,albomicans,M
DBZW33_178_N712_S502_S36_L008_R1_001,28,A1,F
DBZW33_179_N712_S503_S60_L008_R1_001,28,A1,F
DBZW33_18_N702_S502_S26_L008_R1_001,28,A1,NA
DBZW33_180_N712_S504_S84_L008_R1_001,28,A1,NA
DBZW33_19_N702_S503_S50_L008_R1_001,28,A1,NA
DBZW33_2_N701_S502_S25_L008_R1_001,28,A1,F
DBZW33_20_N702_S504_S74_L008_R1_001,28,A1,F
DBZW33_3_N701_S503_S49_L008_R1_001,28,A1,F
DBZW33_34_N703_S502_S27_L008_R1_001,28,A1,F
DBZW33_35_N703_S503_S51_L008_R1_001,28,A1,F
DBZW33_36_N703_S504_S75_L008_R1_001,28,A1,F
DBZW33_4_N701_S504_S73_L008_R1_001,28,A1,NA
DBZW33_5_N701_S505_S97_L008_R1_001,28,A1,F
DBZW33_50_N704_S502_S28_L008_R1_001,28,A1,F
DBZW33_51_N704_S503_S52_L008_R1_001,28,A1,F
DBZW33_52_N704_S504_S76_L008_R1_001,28,A1,F
DBZW33_66_N705_S502_S29_L008_R1_001,28,A1,F
DBZW33_67_N705_S503_S53_L008_R1_001,28,A1,F
DBZW33_68_N705_S504_S77_L008_R1_001,28,A1,F
DBZW33_79_N705_S515_S341_L008_R1_001,NA,nasuta,M
DBZW33_82_N706_S502_S30_L008_R1_001,28,A1,F
DBZW33_83_N706_S503_S54_L008_R1_001,28,A1,F
DBZW33_84_N706_S504_S78_L008_R1_001,28,A1,F
DBZW33_95_N706_S515_S342_L008_R1_001,NA,nasuta,F
DBZW33_98_N707_S502_S31_L008_R1_001,28,A1,F
DBZW33_99_N707_S503_S55_L008_R1_001,28,A1,F
DBKCL_N701-S504_S14_L002,10,X1,F
DBKCL_N709-S502_S140_L002,10,X1,F
DBKCL_N710-S502_S156_L002,10,X1,F
DBKCL_N711-S502_S172_L002,10,X1,F
DBKCL_N712-S502_S188_L002,10,X1,F
DBKCL_N701-S505_S15_L002,11,X1,F
DBKCL_N702-S504_S30_L002,11,X1,F
DBKCL_N702-S505_S31_L002,11,X1,F
DBKCL_N703-S504_S46_L002,11,X1,F
DBKCL_N703-S505_S47_L002,11,X1,F
DBKCL_N704-S504_S62_L002,11,X1,F
DBKCL_N704-S505_S63_L002,11,X1,F
DBKCL_N705-S504_S78_L002,11,X1,F
DBKCL_N705-S505_S79_L002,11,X1,F
DBKCL_N706-S504_S94_L002,11,X1,F
DBKCL_N706-S505_S95_L002,11,X1,F
DBKCL_N707-S504_S110_L002,11,X1,F
DBKCL_N707-S505_S111_L002,11,X1,F
DBKCL_N708-S504_S126_L002,11,X1,F
DBKCL_N709-S504_S142_L002,11,X1,F
DBKCL_N710-S504_S158_L002,11,X1,F
DBKCL_N711-S504_S174_L002,11,X1,F
DBKCL_N712-S504_S190_L002,11,X1,F
DBKCL_N708-S505_S127_L002,12,X1,F
DBKCL_N709-S505_S143_L002,12,X1,F
DBKCL_N710-S505_S159_L002,12,X1,F
DBKCL_N711-S505_S175_L002,12,X1,F
DBKCL_N712-S505_S191_L002,12,X1,F
DBKCL_N701-S506_S16_L002,16,X1,F
DBKCL_N702-S506_S32_L002,16,X1,F
DBKCL_N703-S506_S48_L002,16,X1,F
DBKCL_N704-S506_S64_L002,16,X1,F
DBKCL_N705-S506_S80_L002,16,X1,F
DBKCL_N706-S506_S96_L002,16,X1,F
DBKCL_N707-S506_S112_L002,16,X1,F
DBKCL_N708-S506_S128_L002,16,X1,F
DBKCL_N709-S506_S144_L002,16,X1,F
DBKCL_N710-S506_S160_L002,16,X1,F
DBKCL_N701-S507_S17_L002,17,X1,F
DBKCL_N702-S507_S33_L002,17,X1,F
DBKCL_N703-S507_S49_L002,17,X1,F
DBKCL_N711-S506_S176_L002,17,X1,F
DBKCL_N712-S506_S192_L002,17,X1,F
DBKCL_N701-S508_S18_L002,18,X1,F
DBKCL_N702-S508_S34_L002,18,X1,F
DBKCL_N703-S508_S50_L002,18,X1,F
DBKCL_N704-S507_S65_L002,18,X1,F
DBKCL_N704-S508_S66_L002,18,X1,F
DBKCL_N705-S507_S81_L002,18,X1,F
DBKCL_N705-S508_S82_L002,18,X1,F
DBKCL_N706-S507_S97_L002,18,X1,F
DBKCL_N706-S508_S98_L002,18,X1,F
DBKCL_N707-S507_S113_L002,18,X1,F
DBKCL_N707-S508_S114_L002,18,X1,F
DBKCL_N708-S507_S129_L002,18,X1,F
DBKCL_N709-S507_S145_L002,18,X1,F
DBKCL_N710-S507_S161_L002,18,X1,F
DBKCL_N711-S507_S177_L002,18,X1,F
DBKCL_N712-S507_S193_L002,18,X1,F
DBKCL_N701-S509_S19_L002,21,X1,F
DBKCL_N702-S509_S35_L002,21,X1,F
DBKCL_N703-S509_S51_L002,21,X1,F
DBKCL_N704-S509_S67_L002,21,X1,F
DBKCL_N705-S509_S83_L002,21,X1,F
DBKCL_N706-S509_S99_L002,21,X1,F
DBKCL_N707-S509_S115_L002,21,X1,F
DBKCL_N708-S508_S130_L002,21,X1,F
DBKCL_N708-S509_S131_L002,21,X1,F
DBKCL_N709-S508_S146_L002,21,X1,F
DBKCL_N709-S509_S147_L002,21,X1,F
DBKCL_N710-S508_S162_L002,21,X1,F
DBKCL_N710-S509_S163_L002,21,X1,F
DBKCL_N711-S508_S178_L002,21,X1,F
DBKCL_N711-S509_S179_L002,21,X1,F
DBKCL_N712-S508_S194_L002,21,X1,F
DBKCL_N701-S501_S11_L002,9,X1,F
DBKCL_N701-S502_S12_L002,9,X1,F
DBKCL_N702-S501_S27_L002,9,X1,F
DBKCL_N702-S502_S28_L002,9,X1,F
DBKCL_N703-S501_S43_L002,9,X1,F
DBKCL_N703-S502_S44_L002,9,X1,F
DBKCL_N704-S501_S59_L002,9,X1,F
DBKCL_N704-S502_S60_L002,9,X1,F
DBKCL_N705-S501_S75_L002,9,X1,F
DBKCL_N705-S502_S76_L002,9,X1,F
DBKCL_N706-S501_S91_L002,9,X1,F
DBKCL_N706-S502_S92_L002,9,X1,F
DBKCL_N707-S502_S108_L002,9,X1,F
DBKCL_N707-S503_S109_L002,9,X1,F
DBKCL_N708-S502_S124_L002,9,X1,F
DBKCL_N709-S501_S139_L002,9,X1,F
DBKCL_N710-S501_S155_L002,9,X1,F
DBKCL_N711-S501_S171_L002,9,X1,F
DBKCL_N712-S501_S187_L002,9,X1,F