name,prefix,Generation,Species,Gender,Start Date,library,sorted.bam
Nasuta_N701-S501,Nasuta_N701-S501_S10_L002,9,X1,F,43418,new,Nasuta_N701-S501_S10_L002.sorted.bam
Nasuta_N701-S502,Nasuta_N701-S502_S34_L002,9,X1,F,43418,new,Nasuta_N701-S502_S34_L002.sorted.bam
Nasuta_N702-S501,Nasuta_N702-S501_S11_L002,9,X1,F,43418,new,Nasuta_N702-S501_S11_L002.sorted.bam
Nasuta_N702-S502,Nasuta_N702-S502_S35_L002,9,X1,F,43418,new,Nasuta_N702-S502_S35_L002.sorted.bam
Nasuta_N703-S501,Nasuta_N703-S501_S12_L002,9,X1,F,43418,new,Nasuta_N703-S501_S12_L002.sorted.bam
Nasuta_N703-S502,Nasuta_N703-S502_S36_L002,9,X1,F,43418,new,Nasuta_N703-S502_S36_L002.sorted.bam
Nasuta_N704-S501,Nasuta_N704-S501_S13_L002,9,X1,F,43418,new,Nasuta_N704-S501_S13_L002.sorted.bam
Nasuta_N704-S502,Nasuta_N704-S502_S37_L002,9,X1,F,43418,new,Nasuta_N704-S502_S37_L002.sorted.bam
Nasuta_N705-S501,Nasuta_N705-S501_S14_L002,9,X1,F,43418,new,Nasuta_N705-S501_S14_L002.sorted.bam
Nasuta_N705-S502,Nasuta_N705-S502_S38_L002,9,X1,F,43418,new,Nasuta_N705-S502_S38_L002.sorted.bam
Nasuta_N706-S501,Nasuta_N706-S501_S15_L002,9,X1,F,43418,new,Nasuta_N706-S501_S15_L002.sorted.bam
Nasuta_N706-S502,Nasuta_N706-S502_S39_L002,9,X1,F,43418,new,Nasuta_N706-S502_S39_L002.sorted.bam
Nasuta_N707-S501,Nasuta_N707-S501_S16_L002,9,X1,F,43418,new,Nasuta_N707-S501_S16_L002.sorted.bam
Nasuta_N707-S502,Nasuta_N707-S502_S40_L002,9,X1,F,43418,new,Nasuta_N707-S502_S40_L002.sorted.bam
Nasuta_N708-S501,Nasuta_N708-S501_S17_L002,9,X1,F,43418,new,Nasuta_N708-S501_S17_L002.sorted.bam
Nasuta_N708-S502,Nasuta_N708-S502_S41_L002,9,X1,F,43418,new,Nasuta_N708-S502_S41_L002.sorted.bam
Nasuta_N709-S501,Nasuta_N709-S501_S18_L002,9,X1,F,43418,new,Nasuta_N709-S501_S18_L002.sorted.bam
Nasuta_N710-S501,Nasuta_N710-S501_S19_L002,9,X1,F,43418,new,Nasuta_N710-S501_S19_L002.sorted.bam
Nasuta_N711-S501,Nasuta_N711-S501_S20_L002,9,X1,F,43418,new,Nasuta_N711-S501_S20_L002.sorted.bam
Nasuta_N712-S501,Nasuta_N712-S501_S21_L002,9,X1,F,43418,new,Nasuta_N712-S501_S21_L002.sorted.bam
Nasuta_N701-S504,Nasuta_N701-S504_S58_L002,10,X1,F,43418,new,Nasuta_N701-S504_S58_L002.sorted.bam
Nasuta_N709-S502,Nasuta_N709-S502_S42_L002,10,X1,F,43418,new,Nasuta_N709-S502_S42_L002.sorted.bam
Nasuta_N710-S502,Nasuta_N710-S502_S43_L002,10,X1,F,43418,new,Nasuta_N710-S502_S43_L002.sorted.bam
Nasuta_N711-S502,Nasuta_N711-S502_S44_L002,10,X1,F,43418,new,Nasuta_N711-S502_S44_L002.sorted.bam
Nasuta_N712-S502,Nasuta_N712-S502_S45_L002,10,X1,F,43418,new,Nasuta_N712-S502_S45_L002.sorted.bam
Nasuta_N701-S505,Nasuta_N701-S505_S82_L002,11,X1,F,43418,new,Nasuta_N701-S505_S82_L002.sorted.bam
Nasuta_N702-S504,Nasuta_N702-S504_S59_L002,11,X1,F,43418,new,Nasuta_N702-S504_S59_L002.sorted.bam
Nasuta_N702-S505,Nasuta_N702-S505_S83_L002,11,X1,F,43418,new,Nasuta_N702-S505_S83_L002.sorted.bam
Nasuta_N703-S504,Nasuta_N703-S504_S60_L002,11,X1,F,43418,new,Nasuta_N703-S504_S60_L002.sorted.bam
Nasuta_N703-S505,Nasuta_N703-S505_S84_L002,11,X1,F,43418,new,Nasuta_N703-S505_S84_L002.sorted.bam
Nasuta_N704-S504,Nasuta_N704-S504_S61_L002,11,X1,F,43418,new,Nasuta_N704-S504_S61_L002.sorted.bam
Nasuta_N704-S505,Nasuta_N704-S505_S85_L002,11,X1,F,43418,new,Nasuta_N704-S505_S85_L002.sorted.bam
Nasuta_N705-S504,Nasuta_N705-S504_S62_L002,11,X1,F,43418,new,Nasuta_N705-S504_S62_L002.sorted.bam
Nasuta_N705-S505,Nasuta_N705-S505_S86_L002,11,X1,F,43418,new,Nasuta_N705-S505_S86_L002.sorted.bam
Nasuta_N706-S504,Nasuta_N706-S504_S63_L002,11,X1,F,43418,new,Nasuta_N706-S504_S63_L002.sorted.bam
Nasuta_N706-S505,Nasuta_N706-S505_S87_L002,11,X1,F,43418,new,Nasuta_N706-S505_S87_L002.sorted.bam
Nasuta_N707-S504,Nasuta_N707-S504_S64_L002,11,X1,F,43418,new,Nasuta_N707-S504_S64_L002.sorted.bam
Nasuta_N707-S505,Nasuta_N707-S505_S88_L002,11,X1,F,43418,new,Nasuta_N707-S505_S88_L002.sorted.bam
Nasuta_N708-S504,Nasuta_N708-S504_S65_L002,11,X1,F,43418,new,Nasuta_N708-S504_S65_L002.sorted.bam
Nasuta_N709-S504,Nasuta_N709-S504_S66_L002,11,X1,F,43418,new,Nasuta_N709-S504_S66_L002.sorted.bam
Nasuta_N710-S504,Nasuta_N710-S504_S67_L002,11,X1,F,43418,new,Nasuta_N710-S504_S67_L002.sorted.bam
Nasuta_N711-S504,Nasuta_N711-S504_S68_L002,11,X1,F,43418,new,Nasuta_N711-S504_S68_L002.sorted.bam
Nasuta_N712-S504,Nasuta_N712-S504_S69_L002,11,X1,F,43418,new,Nasuta_N712-S504_S69_L002.sorted.bam
Nasuta_N708-S505,Nasuta_N708-S505_S89_L002,12,X1,F,43418,new,Nasuta_N708-S505_S89_L002.sorted.bam
Nasuta_N709-S505,Nasuta_N709-S505_S90_L002,12,X1,F,43418,new,Nasuta_N709-S505_S90_L002.sorted.bam
Nasuta_N710-S505,Nasuta_N710-S505_S91_L002,12,X1,F,43418,new,Nasuta_N710-S505_S91_L002.sorted.bam
Nasuta_N711-S505,Nasuta_N711-S505_S92_L002,12,X1,F,43418,new,Nasuta_N711-S505_S92_L002.sorted.bam
Nasuta_N712-S505,Nasuta_N712-S505_S93_L002,12,X1,F,43418,new,Nasuta_N712-S505_S93_L002.sorted.bam
Nasuta_N701-S506,Nasuta_N701-S506_S106_L002,16,X1,F,43418,new,Nasuta_N701-S506_S106_L002.sorted.bam
Nasuta_N702-S506,Nasuta_N702-S506_S107_L002,16,X1,F,43418,new,Nasuta_N702-S506_S107_L002.sorted.bam
Nasuta_N703-S506,Nasuta_N703-S506_S108_L002,16,X1,F,43418,new,Nasuta_N703-S506_S108_L002.sorted.bam
Nasuta_N704-S506,Nasuta_N704-S506_S109_L002,16,X1,F,43418,new,Nasuta_N704-S506_S109_L002.sorted.bam
Nasuta_N705-S506,Nasuta_N705-S506_S110_L002,16,X1,F,43418,new,Nasuta_N705-S506_S110_L002.sorted.bam
Nasuta_N706-S506,Nasuta_N706-S506_S111_L002,16,X1,F,43418,new,Nasuta_N706-S506_S111_L002.sorted.bam
Nasuta_N707-S506,Nasuta_N707-S506_S112_L002,16,X1,F,43418,new,Nasuta_N707-S506_S112_L002.sorted.bam
Nasuta_N708-S506,Nasuta_N708-S506_S113_L002,16,X1,F,43418,new,Nasuta_N708-S506_S113_L002.sorted.bam
Nasuta_N709-S506,Nasuta_N709-S506_S114_L002,16,X1,F,43418,new,Nasuta_N709-S506_S114_L002.sorted.bam
Nasuta_N710-S506,Nasuta_N710-S506_S115_L002,16,X1,F,43418,new,Nasuta_N710-S506_S115_L002.sorted.bam
Nasuta_N701-S507,Nasuta_N701-S507_S130_L002,17,X1,F,43418,new,Nasuta_N701-S507_S130_L002.sorted.bam
Nasuta_N702-S507,Nasuta_N702-S507_S131_L002,17,X1,F,43418,new,Nasuta_N702-S507_S131_L002.sorted.bam
Nasuta_N703-S507,Nasuta_N703-S507_S132_L002,17,X1,F,43418,new,Nasuta_N703-S507_S132_L002.sorted.bam
Nasuta_N711-S506,Nasuta_N711-S506_S116_L002,17,X1,F,43418,new,Nasuta_N711-S506_S116_L002.sorted.bam
Nasuta_N712-S506,Nasuta_N712-S506_S117_L002,17,X1,F,43418,new,Nasuta_N712-S506_S117_L002.sorted.bam
Nasuta_N701-S508,Nasuta_N701-S508_S154_L002,18,X1,F,43418,new,Nasuta_N701-S508_S154_L002.sorted.bam
Nasuta_N702-S508,Nasuta_N702-S508_S155_L002,18,X1,F,43418,new,Nasuta_N702-S508_S155_L002.sorted.bam
Nasuta_N703-S508,Nasuta_N703-S508_S156_L002,18,X1,F,43418,new,Nasuta_N703-S508_S156_L002.sorted.bam
Nasuta_N704-S507,Nasuta_N704-S507_S133_L002,18,X1,F,43418,new,Nasuta_N704-S507_S133_L002.sorted.bam
Nasuta_N704-S508,Nasuta_N704-S508_S157_L002,18,X1,F,43418,new,Nasuta_N704-S508_S157_L002.sorted.bam
Nasuta_N705-S507,Nasuta_N705-S507_S134_L002,18,X1,F,43418,new,Nasuta_N705-S507_S134_L002.sorted.bam
Nasuta_N705-S508,Nasuta_N705-S508_S158_L002,18,X1,F,43418,new,Nasuta_N705-S508_S158_L002.sorted.bam
Nasuta_N706-S507,Nasuta_N706-S507_S135_L002,18,X1,F,43418,new,Nasuta_N706-S507_S135_L002.sorted.bam
Nasuta_N706-S508,Nasuta_N706-S508_S159_L002,18,X1,F,43418,new,Nasuta_N706-S508_S159_L002.sorted.bam
Nasuta_N707-S507,Nasuta_N707-S507_S136_L002,18,X1,F,43418,new,Nasuta_N707-S507_S136_L002.sorted.bam
Nasuta_N707-S508,Nasuta_N707-S508_S160_L002,18,X1,F,43418,new,Nasuta_N707-S508_S160_L002.sorted.bam
Nasuta_N708-S507,Nasuta_N708-S507_S137_L002,18,X1,F,43418,new,Nasuta_N708-S507_S137_L002.sorted.bam
Nasuta_N709-S507,Nasuta_N709-S507_S138_L002,18,X1,F,43418,new,Nasuta_N709-S507_S138_L002.sorted.bam
Nasuta_N710-S507,Nasuta_N710-S507_S139_L002,18,X1,F,43418,new,Nasuta_N710-S507_S139_L002.sorted.bam
Nasuta_N711-S507,Nasuta_N711-S507_S140_L002,18,X1,F,43418,new,Nasuta_N711-S507_S140_L002.sorted.bam
Nasuta_N712-S507,Nasuta_N712-S507_S141_L002,18,X1,F,43418,new,Nasuta_N712-S507_S141_L002.sorted.bam
Nasuta_N701-S509,Nasuta_N701-S509_S202_L002,21,X1,F,43418,new,Nasuta_N701-S509_S202_L002.sorted.bam
Nasuta_N702-S509,Nasuta_N702-S509_S203_L002,21,X1,F,43418,new,Nasuta_N702-S509_S203_L002.sorted.bam
Nasuta_N703-S509,Nasuta_N703-S509_S204_L002,21,X1,F,43418,new,Nasuta_N703-S509_S204_L002.sorted.bam
Nasuta_N704-S509,Nasuta_N704-S509_S205_L002,21,X1,F,43418,new,Nasuta_N704-S509_S205_L002.sorted.bam
Nasuta_N705-S509,Nasuta_N705-S509_S206_L002,21,X1,F,43418,new,Nasuta_N705-S509_S206_L002.sorted.bam
Nasuta_N706-S509,Nasuta_N706-S509_S207_L002,21,X1,F,43418,new,Nasuta_N706-S509_S207_L002.sorted.bam
Nasuta_N707-S509,Nasuta_N707-S509_S208_L002,21,X1,F,43418,new,Nasuta_N707-S509_S208_L002.sorted.bam
Nasuta_N708-S508,Nasuta_N708-S508_S161_L002,21,X1,F,43418,new,Nasuta_N708-S508_S161_L002.sorted.bam
Nasuta_N708-S509,Nasuta_N708-S509_S209_L002,21,X1,F,43418,new,Nasuta_N708-S509_S209_L002.sorted.bam
Nasuta_N709-S508,Nasuta_N709-S508_S162_L002,21,X1,F,43418,new,Nasuta_N709-S508_S162_L002.sorted.bam
Nasuta_N709-S509,Nasuta_N709-S509_S210_L002,21,X1,F,43418,new,Nasuta_N709-S509_S210_L002.sorted.bam
Nasuta_N710-S508,Nasuta_N710-S508_S163_L002,21,X1,F,43418,new,Nasuta_N710-S508_S163_L002.sorted.bam
Nasuta_N710-S509,Nasuta_N710-S509_S211_L002,21,X1,F,43418,new,Nasuta_N710-S509_S211_L002.sorted.bam
Nasuta_N711-S508,Nasuta_N711-S508_S164_L002,21,X1,F,43418,new,Nasuta_N711-S508_S164_L002.sorted.bam
Nasuta_N711-S509,Nasuta_N711-S509_S212_L002,21,X1,F,43418,new,Nasuta_N711-S509_S212_L002.sorted.bam
Nasuta_N712-S508,Nasuta_N712-S508_S165_L002,21,X1,F,43418,new,Nasuta_N712-S508_S165_L002.sorted.bam
DBMN02B_N717_S515,DBMN02B_N717_S515_S783_L004_R1_001,3,x1,male,41829,old,DBMN02B_N717_S515_S783_L004_R1_001.sorted.bam
DBMN02B_N713_S507,DBMN02B_N713_S507_S587_L004_R1_001,4,x1,male,41829,old,DBMN02B_N713_S507_S587_L004_R1_001.sorted.bam
DBMN02B_N713_S508,DBMN02B_N713_S508_S611_L004_R1_001,4,x1,male,41829,old,DBMN02B_N713_S508_S611_L004_R1_001.sorted.bam
DBMN02B_N714_S507,DBMN02B_N714_S507_S588_L004_R1_001,4,x1,male,41829,old,DBMN02B_N714_S507_S588_L004_R1_001.sorted.bam
DBMN02B_N715_S507,DBMN02B_N715_S507_S589_L004_R1_001,4,x1,male,41829,old,DBMN02B_N715_S507_S589_L004_R1_001.sorted.bam
DBMN02B_N716_S507,DBMN02B_N716_S507_S590_L004_R1_001,4,x1,male,41829,old,DBMN02B_N716_S507_S590_L004_R1_001.sorted.bam
DBMN02B_N716_S516,DBMN02B_N716_S516_S806_L004_R1_001,4,x1,male,41829,old,DBMN02B_N716_S516_S806_L004_R1_001.sorted.bam
DBMN02B_N717_S516,DBMN02B_N717_S516_S807_L004_R1_001,4,x1,male,41829,old,DBMN02B_N717_S516_S807_L004_R1_001.sorted.bam
DBMN02B_N718_S516,DBMN02B_N718_S516_S808_L004_R1_001,4,x1,male,41829,old,DBMN02B_N718_S516_S808_L004_R1_001.sorted.bam
DBMN02B_N719_S516,DBMN02B_N719_S516_S809_L004_R1_001,4,x1,male,41829,old,DBMN02B_N719_S516_S809_L004_R1_001.sorted.bam
DBMN02B_N720_S515,DBMN02B_N720_S515_S786_L004_R1_001,4,x1,male,41829,old,DBMN02B_N720_S515_S786_L004_R1_001.sorted.bam
DBMN02B_N721_S515,DBMN02B_N721_S515_S787_L004_R1_001,4,x1,male,41829,old,DBMN02B_N721_S515_S787_L004_R1_001.sorted.bam
DBMN02B_N724_S506,DBMN02B_N724_S506_S574_L004_R1_001,4,x1,male,41829,old,DBMN02B_N724_S506_S574_L004_R1_001.sorted.bam
DBMN02B_N724_S507,DBMN02B_N724_S507_S598_L004_R1_001,4,x1,male,41829,old,DBMN02B_N724_S507_S598_L004_R1_001.sorted.bam
DBMN02B_N715_S508,DBMN02B_N715_S508_S613_L004_R1_001,5,x1,male,41829,old,DBMN02B_N715_S508_S613_L004_R1_001.sorted.bam
DBMN02B_N716_S508,DBMN02B_N716_S508_S614_L004_R1_001,5,x1,male,41829,old,DBMN02B_N716_S508_S614_L004_R1_001.sorted.bam
DBMN02B_N716_S513,DBMN02B_N716_S513_S734_L004_R1_001,5,x1,male,41829,old,DBMN02B_N716_S513_S734_L004_R1_001.sorted.bam
DBMN02B_N717_S508,DBMN02B_N717_S508_S615_L004_R1_001,5,x1,male,41829,old,DBMN02B_N717_S508_S615_L004_R1_001.sorted.bam
DBMN02B_N718_S508,DBMN02B_N718_S508_S616_L004_R1_001,5,x1,male,41829,old,DBMN02B_N718_S508_S616_L004_R1_001.sorted.bam
DBMN02B_N720_S512,DBMN02B_N720_S512_S714_L004_R1_001,5,x1,male,41829,old,DBMN02B_N720_S512_S714_L004_R1_001.sorted.bam
DBMN02B_N721_S512,DBMN02B_N721_S512_S715_L004_R1_001,5,x1,male,41829,old,DBMN02B_N721_S512_S715_L004_R1_001.sorted.bam
DBMN02B_N719_S508,DBMN02B_N719_S508_S617_L004_R1_001,10,x1,male,41829,old,DBMN02B_N719_S508_S617_L004_R1_001.sorted.bam
DBMN02B_N704_S510,DBMN02B_N704_S510_S650_L004_R1_001,18,x1,male,41829,old,DBMN02B_N704_S510_S650_L004_R1_001.sorted.bam
DBMN02B_N707_S509,DBMN02B_N707_S509_S629_L004_R1_001,18,x1,male,41829,old,DBMN02B_N707_S509_S629_L004_R1_001.sorted.bam
DBMN02B_N708_S509,DBMN02B_N708_S509_S630_L004_R1_001,18,x1,male,41829,old,DBMN02B_N708_S509_S630_L004_R1_001.sorted.bam
DBMN02B_N709_S509,DBMN02B_N709_S509_S631_L004_R1_001,18,x1,male,41829,old,DBMN02B_N709_S509_S631_L004_R1_001.sorted.bam
DBMN02B_N704_S511,DBMN02B_N704_S511_S674_L004_R1_001,21,x1,male,41829,old,DBMN02B_N704_S511_S674_L004_R1_001.sorted.bam
DBMN02B_N704_S512,DBMN02B_N704_S512_S698_L004_R1_001,21,x1,male,41829,old,DBMN02B_N704_S512_S698_L004_R1_001.sorted.bam
DBMN02B_N704_S513,DBMN02B_N704_S513_S722_L004_R1_001,21,x1,male,41829,old,DBMN02B_N704_S513_S722_L004_R1_001.sorted.bam
DBMN02B_N705_S510,DBMN02B_N705_S510_S651_L004_R1_001,21,x1,male,41829,old,DBMN02B_N705_S510_S651_L004_R1_001.sorted.bam
DBMN02B_N705_S511,DBMN02B_N705_S511_S675_L004_R1_001,21,x1,male,41829,old,DBMN02B_N705_S511_S675_L004_R1_001.sorted.bam
DBMN02B_N705_S512,DBMN02B_N705_S512_S699_L004_R1_001,21,x1,male,41829,old,DBMN02B_N705_S512_S699_L004_R1_001.sorted.bam
DBMN02B_N706_S510,DBMN02B_N706_S510_S652_L004_R1_001,21,x1,male,41829,old,DBMN02B_N706_S510_S652_L004_R1_001.sorted.bam
DBMN02B_N706_S511,DBMN02B_N706_S511_S676_L004_R1_001,21,x1,male,41829,old,DBMN02B_N706_S511_S676_L004_R1_001.sorted.bam
DBMN02B_N706_S512,DBMN02B_N706_S512_S700_L004_R1_001,21,x1,male,41829,old,DBMN02B_N706_S512_S700_L004_R1_001.sorted.bam
DBMN02B_N707_S510,DBMN02B_N707_S510_S653_L004_R1_001,21,x1,male,41829,old,DBMN02B_N707_S510_S653_L004_R1_001.sorted.bam
DBMN02B_N707_S511,DBMN02B_N707_S511_S677_L004_R1_001,21,x1,male,41829,old,DBMN02B_N707_S511_S677_L004_R1_001.sorted.bam
DBMN02B_N707_S512,DBMN02B_N707_S512_S701_L004_R1_001,21,x1,male,41829,old,DBMN02B_N707_S512_S701_L004_R1_001.sorted.bam
DBMN02B_N708_S510,DBMN02B_N708_S510_S654_L004_R1_001,21,x1,male,41829,old,DBMN02B_N708_S510_S654_L004_R1_001.sorted.bam
DBMN02B_N708_S511,DBMN02B_N708_S511_S678_L004_R1_001,21,x1,male,41829,old,DBMN02B_N708_S511_S678_L004_R1_001.sorted.bam
DBMN02B_N708_S512,DBMN02B_N708_S512_S702_L004_R1_001,21,x1,male,41829,old,DBMN02B_N708_S512_S702_L004_R1_001.sorted.bam
DBMN02B_N709_S510,DBMN02B_N709_S510_S655_L004_R1_001,21,x1,male,41829,old,DBMN02B_N709_S510_S655_L004_R1_001.sorted.bam
DBMN02B_N709_S511,DBMN02B_N709_S511_S679_L004_R1_001,21,x1,male,41829,old,DBMN02B_N709_S511_S679_L004_R1_001.sorted.bam
DBMN02B_N709_S512,DBMN02B_N709_S512_S703_L004_R1_001,21,x1,male,41829,old,DBMN02B_N709_S512_S703_L004_R1_001.sorted.bam
DBMN02B_N716_S512,DBMN02B_N716_S512_S710_L004_R1_001,21,x1,male,41829,old,DBMN02B_N716_S512_S710_L004_R1_001.sorted.bam
DBMN02B_N717_S512,DBMN02B_N717_S512_S711_L004_R1_001,21,x1,male,41829,old,DBMN02B_N717_S512_S711_L004_R1_001.sorted.bam
DBMN02B_N718_S511,DBMN02B_N718_S511_S688_L004_R1_001,21,x1,male,41829,old,DBMN02B_N718_S511_S688_L004_R1_001.sorted.bam
DBMN02B_N718_S512,DBMN02B_N718_S512_S712_L004_R1_001,21,x1,male,41829,old,DBMN02B_N718_S512_S712_L004_R1_001.sorted.bam
DBMN02B_N701_S501,DBMN02B_N701_S501_S431_L004_R1_001,27,A1,male,7-9-2014,old,DBMN02B_N701_S501_S431_L004_R1_001.sorted.bam
DBMN02B_N701_S502,DBMN02B_N701_S502_S455_L004_R1_001,27,A1,female,7-9-2014,old,DBMN02B_N701_S502_S455_L004_R1_001.sorted.bam
DBMN02B_N701_S503,DBMN02B_N701_S503_S479_L004_R1_001,27,A1,female,7-9-2014,old,DBMN02B_N701_S503_S479_L004_R1_001.sorted.bam
DBMN02B_N701_S504,DBMN02B_N701_S504_S503_L004_R1_001,27,A1,female,7-9-2014,old,DBMN02B_N701_S504_S503_L004_R1_001.sorted.bam
DBMN02B_N702_S501,DBMN02B_N702_S501_S432_L004_R1_001,27,A1,female,7-9-2014,old,DBMN02B_N702_S501_S432_L004_R1_001.sorted.bam
DBMN02B_N702_S503,DBMN02B_N702_S503_S480_L004_R1_001,27,A1,female,7-9-2014,old,DBMN02B_N702_S503_S480_L004_R1_001.sorted.bam
DBMN02B_N702_S504,DBMN02B_N702_S504_S504_L004_R1_001,27,A1,male,7-9-2014,old,DBMN02B_N702_S504_S504_L004_R1_001.sorted.bam
DBMN02B_N703_S501,DBMN02B_N703_S501_S433_L004_R1_001,27,A1,male,7-9-2014,old,DBMN02B_N703_S501_S433_L004_R1_001.sorted.bam
DBMN02B_N703_S502,DBMN02B_N703_S502_S457_L004_R1_001,27,A1,female,7-9-2014,old,DBMN02B_N703_S502_S457_L004_R1_001.sorted.bam
DBMN02B_N703_S503,DBMN02B_N703_S503_S481_L004_R1_001,27,A1,male,7-9-2014,old,DBMN02B_N703_S503_S481_L004_R1_001.sorted.bam
DBMN02B_N703_S504,DBMN02B_N703_S504_S505_L004_R1_001,27,A1,female,7-9-2014,old,DBMN02B_N703_S504_S505_L004_R1_001.sorted.bam
DBMN02B_N704_S501,DBMN02B_N704_S501_S434_L004_R1_001,27,A1,female,7-9-2014,old,DBMN02B_N704_S501_S434_L004_R1_001.sorted.bam
DBMN02B_N704_S502,DBMN02B_N704_S502_S458_L004_R1_001,27,A1,male,7-9-2014,old,DBMN02B_N704_S502_S458_L004_R1_001.sorted.bam
DBMN02B_N704_S503,DBMN02B_N704_S503_S482_L004_R1_001,27,A1,male,7-9-2014,old,DBMN02B_N704_S503_S482_L004_R1_001.sorted.bam
DBMN02B_N704_S504,DBMN02B_N704_S504_S506_L004_R1_001,27,A1,male,7-9-2014,old,DBMN02B_N704_S504_S506_L004_R1_001.sorted.bam
DBMN02B_N705_S501,DBMN02B_N705_S501_S435_L004_R1_001,27,A1,male,7-9-2014,old,DBMN02B_N705_S501_S435_L004_R1_001.sorted.bam
DBMN02B_N705_S502,DBMN02B_N705_S502_S459_L004_R1_001,27,A1,female,7-9-2014,old,DBMN02B_N705_S502_S459_L004_R1_001.sorted.bam
DBMN02B_N705_S503,DBMN02B_N705_S503_S483_L004_R1_001,27,A1,female,7-9-2014,old,DBMN02B_N705_S503_S483_L004_R1_001.sorted.bam
DBMN02B_N706_S501,DBMN02B_N706_S501_S436_L004_R1_001,27,A1,female,7-9-2014,old,DBMN02B_N706_S501_S436_L004_R1_001.sorted.bam
DBMN02B_N706_S502,DBMN02B_N706_S502_S460_L004_R1_001,27,A1,male,7-9-2014,old,DBMN02B_N706_S502_S460_L004_R1_001.sorted.bam
DBMN02B_N706_S503,DBMN02B_N706_S503_S484_L004_R1_001,27,A1,male,7-9-2014,old,DBMN02B_N706_S503_S484_L004_R1_001.sorted.bam
DBMN02B_N707_S501,DBMN02B_N707_S501_S437_L004_R1_001,27,A1,male,7-9-2014,old,DBMN02B_N707_S501_S437_L004_R1_001.sorted.bam
DBMN02B_N707_S502,DBMN02B_N707_S502_S461_L004_R1_001,27,A1,female,7-9-2014,old,DBMN02B_N707_S502_S461_L004_R1_001.sorted.bam
DBMN02B_N707_S503,DBMN02B_N707_S503_S485_L004_R1_001,27,A1,female,7-9-2014,old,DBMN02B_N707_S503_S485_L004_R1_001.sorted.bam
DBMN02B_N708_S501,DBMN02B_N708_S501_S438_L004_R1_001,27,A1,female,7-9-2014,old,DBMN02B_N708_S501_S438_L004_R1_001.sorted.bam
DBMN02B_N708_S502,DBMN02B_N708_S502_S462_L004_R1_001,27,A1,male,7-9-2014,old,DBMN02B_N708_S502_S462_L004_R1_001.sorted.bam
DBMN02B_N708_S503,DBMN02B_N708_S503_S486_L004_R1_001,27,A1,male,7-9-2014,old,DBMN02B_N708_S503_S486_L004_R1_001.sorted.bam
DBMN02B_N708_S504,DBMN02B_N708_S504_S510_L004_R1_001,27,A1,male,7-9-2014,old,DBMN02B_N708_S504_S510_L004_R1_001.sorted.bam
DBMN02B_N709_S501,DBMN02B_N709_S501_S439_L004_R1_001,27,A1,male,7-9-2014,old,DBMN02B_N709_S501_S439_L004_R1_001.sorted.bam
DBMN02B_N709_S502,DBMN02B_N709_S502_S463_L004_R1_001,27,A1,female,7-9-2014,old,DBMN02B_N709_S502_S463_L004_R1_001.sorted.bam
DBMN02B_N709_S503,DBMN02B_N709_S503_S487_L004_R1_001,27,A1,female,7-9-2014,old,DBMN02B_N709_S503_S487_L004_R1_001.sorted.bam
DBMN02B_N709_S504,DBMN02B_N709_S504_S511_L004_R1_001,27,A1,male,7-9-2014,old,DBMN02B_N709_S504_S511_L004_R1_001.sorted.bam
DBMN02B_N710_S501,DBMN02B_N710_S501_S440_L004_R1_001,27,A1,female,7-9-2014,old,DBMN02B_N710_S501_S440_L004_R1_001.sorted.bam
DBMN02B_N710_S502,DBMN02B_N710_S502_S464_L004_R1_001,27,A1,male,7-9-2014,old,DBMN02B_N710_S502_S464_L004_R1_001.sorted.bam
DBMN02B_N710_S503,DBMN02B_N710_S503_S488_L004_R1_001,27,A1,male,7-9-2014,old,DBMN02B_N710_S503_S488_L004_R1_001.sorted.bam
DBMN02B_N710_S504,DBMN02B_N710_S504_S512_L004_R1_001,27,A1,male,7-9-2014,old,DBMN02B_N710_S504_S512_L004_R1_001.sorted.bam
DBMN02B_N711_S501,DBMN02B_N711_S501_S441_L004_R1_001,27,A1,male,7-9-2014,old,DBMN02B_N711_S501_S441_L004_R1_001.sorted.bam
DBMN02B_N711_S502,DBMN02B_N711_S502_S465_L004_R1_001,27,A1,female,7-9-2014,old,DBMN02B_N711_S502_S465_L004_R1_001.sorted.bam
DBMN02B_N711_S503,DBMN02B_N711_S503_S489_L004_R1_001,27,A1,female,7-9-2014,old,DBMN02B_N711_S503_S489_L004_R1_001.sorted.bam
DBMN02B_N711_S504,DBMN02B_N711_S504_S513_L004_R1_001,27,A1,male,7-9-2014,old,DBMN02B_N711_S504_S513_L004_R1_001.sorted.bam
DBMN02B_N712_S501,DBMN02B_N712_S501_S442_L004_R1_001,27,A1,male,7-9-2014,old,DBMN02B_N712_S501_S442_L004_R1_001.sorted.bam
DBMN02B_N712_S502,DBMN02B_N712_S502_S466_L004_R1_001,27,A1,male,7-9-2014,old,DBMN02B_N712_S502_S466_L004_R1_001.sorted.bam
DBMN02B_N712_S503,DBMN02B_N712_S503_S490_L004_R1_001,27,A1,male,7-9-2014,old,DBMN02B_N712_S503_S490_L004_R1_001.sorted.bam
DBMN02B_N712_S504,DBMN02B_N712_S504_S514_L004_R1_001,27,A1,male,7-9-2014,old,DBMN02B_N712_S504_S514_L004_R1_001.sorted.bam
DBZW33_N707_S504,DBZW33_100_N707_S504_S79_L008_R1_001,28,A1,ND,7-9-2014,old,DBZW33_100_N707_S504_S79_L008_R1_001.sorted.bam
DBZW33_N708_S502,DBZW33_114_N708_S502_S32_L008_R1_001,28,A1,ND,7-9-2014,old,DBZW33_114_N708_S502_S32_L008_R1_001.sorted.bam
DBZW33_N708_S503,DBZW33_115_N708_S503_S56_L008_R1_001,28,A1,ND,7-9-2014,old,DBZW33_115_N708_S503_S56_L008_R1_001.sorted.bam
DBZW33_N708_S504,DBZW33_116_N708_S504_S80_L008_R1_001,28,A1,ND,7-9-2014,old,DBZW33_116_N708_S504_S80_L008_R1_001.sorted.bam
DBZW33_N709_S502,DBZW33_130_N709_S502_S33_L008_R1_001,28,A1,ND,7-9-2014,old,DBZW33_130_N709_S502_S33_L008_R1_001.sorted.bam
DBZW33_N709_S503,DBZW33_131_N709_S503_S57_L008_R1_001,28,A1,ND,7-9-2014,old,DBZW33_131_N709_S503_S57_L008_R1_001.sorted.bam
DBZW33_N709_S504,DBZW33_132_N709_S504_S81_L008_R1_001,28,A1,ND,7-9-2014,old,DBZW33_132_N709_S504_S81_L008_R1_001.sorted.bam
DBZW33_N710_S502,DBZW33_146_N710_S502_S34_L008_R1_001,28,A1,ND,7-9-2014,old,DBZW33_146_N710_S502_S34_L008_R1_001.sorted.bam
DBZW33_N710_S503,DBZW33_147_N710_S503_S58_L008_R1_001,28,A1,ND,7-9-2014,old,DBZW33_147_N710_S503_S58_L008_R1_001.sorted.bam
DBZW33_N710_S504,DBZW33_148_N710_S504_S82_L008_R1_001,28,A1,ND,7-9-2014,old,DBZW33_148_N710_S504_S82_L008_R1_001.sorted.bam
DBZW33_N711_S502,DBZW33_162_N711_S502_S35_L008_R1_001,28,A1,ND,7-9-2014,old,DBZW33_162_N711_S502_S35_L008_R1_001.sorted.bam
DBZW33_N711_S503,DBZW33_163_N711_S503_S59_L008_R1_001,28,A1,ND,7-9-2014,old,DBZW33_163_N711_S503_S59_L008_R1_001.sorted.bam
DBZW33_N711_S504,DBZW33_164_N711_S504_S83_L008_R1_001,28,A1,ND,7-9-2014,old,DBZW33_164_N711_S504_S83_L008_R1_001.sorted.bam
DBZW33_N712_S502,DBZW33_178_N712_S502_S36_L008_R1_001,28,A1,ND,7-9-2014,old,DBZW33_178_N712_S502_S36_L008_R1_001.sorted.bam
DBZW33_N712_S503,DBZW33_179_N712_S503_S60_L008_R1_001,28,A1,ND,7-9-2014,old,DBZW33_179_N712_S503_S60_L008_R1_001.sorted.bam
DBZW33_N702_S502,DBZW33_18_N702_S502_S26_L008_R1_001,28,A1,ND,7-9-2014,old,DBZW33_18_N702_S502_S26_L008_R1_001.sorted.bam
DBZW33_N712_S504,DBZW33_180_N712_S504_S84_L008_R1_001,28,A1,ND,7-9-2014,old,DBZW33_180_N712_S504_S84_L008_R1_001.sorted.bam
DBZW33_N702_S503,DBZW33_19_N702_S503_S50_L008_R1_001,28,A1,ND,7-9-2014,old,DBZW33_19_N702_S503_S50_L008_R1_001.sorted.bam
DBZW33_N701_S502,DBZW33_2_N701_S502_S25_L008_R1_001,28,A1,ND,7-9-2014,old,DBZW33_2_N701_S502_S25_L008_R1_001.sorted.bam
DBZW33_N702_S504,DBZW33_20_N702_S504_S74_L008_R1_001,28,A1,ND,7-9-2014,old,DBZW33_20_N702_S504_S74_L008_R1_001.sorted.bam
DBZW33_N701_S503,DBZW33_3_N701_S503_S49_L008_R1_001,28,A1,ND,7-9-2014,old,DBZW33_3_N701_S503_S49_L008_R1_001.sorted.bam
DBZW33_N703_S502,DBZW33_34_N703_S502_S27_L008_R1_001,28,A1,ND,7-9-2014,old,DBZW33_34_N703_S502_S27_L008_R1_001.sorted.bam
DBZW33_N703_S503,DBZW33_35_N703_S503_S51_L008_R1_001,28,A1,ND,7-9-2014,old,DBZW33_35_N703_S503_S51_L008_R1_001.sorted.bam
DBZW33_N703_S504,DBZW33_36_N703_S504_S75_L008_R1_001,28,A1,ND,7-9-2014,old,DBZW33_36_N703_S504_S75_L008_R1_001.sorted.bam
DBZW33_N701_S504,DBZW33_4_N701_S504_S73_L008_R1_001,28,A1,ND,7-9-2014,old,DBZW33_4_N701_S504_S73_L008_R1_001.sorted.bam
DBZW33_N701_S505,DBZW33_5_N701_S505_S97_L008_R1_001,28,A1,ND,7-9-2014,old,DBZW33_5_N701_S505_S97_L008_R1_001.sorted.bam
DBZW33_N704_S502,DBZW33_50_N704_S502_S28_L008_R1_001,28,A1,ND,7-9-2014,old,DBZW33_50_N704_S502_S28_L008_R1_001.sorted.bam
DBZW33_N704_S503,DBZW33_51_N704_S503_S52_L008_R1_001,28,A1,ND,7-9-2014,old,DBZW33_51_N704_S503_S52_L008_R1_001.sorted.bam
DBZW33_N704_S504,DBZW33_52_N704_S504_S76_L008_R1_001,28,A1,ND,7-9-2014,old,DBZW33_52_N704_S504_S76_L008_R1_001.sorted.bam
DBZW33_N705_S502,DBZW33_66_N705_S502_S29_L008_R1_001,28,A1,ND,7-9-2014,old,DBZW33_66_N705_S502_S29_L008_R1_001.sorted.bam
DBZW33_N705_S503,DBZW33_67_N705_S503_S53_L008_R1_001,28,A1,ND,7-9-2014,old,DBZW33_67_N705_S503_S53_L008_R1_001.sorted.bam
DBZW33_N705_S504,DBZW33_68_N705_S504_S77_L008_R1_001,28,A1,ND,7-9-2014,old,DBZW33_68_N705_S504_S77_L008_R1_001.sorted.bam
DBZW33_N706_S502,DBZW33_82_N706_S502_S30_L008_R1_001,28,A1,ND,7-9-2014,old,DBZW33_82_N706_S502_S30_L008_R1_001.sorted.bam
DBZW33_N706_S503,DBZW33_83_N706_S503_S54_L008_R1_001,28,A1,ND,7-9-2014,old,DBZW33_83_N706_S503_S54_L008_R1_001.sorted.bam
DBZW33_N706_S504,DBZW33_84_N706_S504_S78_L008_R1_001,28,A1,ND,7-9-2014,old,DBZW33_84_N706_S504_S78_L008_R1_001.sorted.bam
DBZW33_N707_S502,DBZW33_98_N707_S502_S31_L008_R1_001,28,A1,ND,7-9-2014,old,DBZW33_98_N707_S502_S31_L008_R1_001.sorted.bam
DBZW33_N707_S503,DBZW33_99_N707_S503_S55_L008_R1_001,28,A1,ND,7-9-2014,old,DBZW33_99_N707_S503_S55_L008_R1_001.sorted.bam
DBMN01_142,DBMN01_142_S142_L005_R1_001,NA,albomicans,male,42229,old,DBMN01_142_S142_L005_R1_001.sorted.bam
DBMN01_192,DBMN01_192_S192_L005_R1_001,NA,albomicans,female,42229,old,DBMN01_192_S192_L005_R1_001.sorted.bam
DBMN01_375,DBMN01_375_S375_L005_R1_001,NA,nasuta,female,42229,old,DBMN01_375_S375_L005_R1_001.sorted.bam
DBMN01_376,DBMN01_376_S376_L005_R1_001,NA,nasuta,male,42229,old,DBMN01_376_S376_L005_R1_001.sorted.bam
DBMN03_N703_S505,DBMN03_N703_S505_S99_L008_R1_001,NA,nasuta,female,42709,old,DBMN03_N703_S505_S99_L008_R1_001.sorted.bam
DBMN03_N703_S513,DBMN03_N703_S513_S291_L008_R1_001,NA,nasuta,female,42709,old,DBMN03_N703_S513_S291_L008_R1_001.sorted.bam
DBMN03_N710_S504,DBMN03_N710_S504_S82_L008_R1_001,NA,nasuta,male,42709,old,DBMN03_N710_S504_S82_L008_R1_001.sorted.bam
DBMN03_N710_S512,DBMN03_N710_S512_S274_L008_R1_001,NA,nasuta,male,42709,old,DBMN03_N710_S512_S274_L008_R1_001.sorted.bam
DBMN03_N714_S507,DBMN03_N714_S507_S158_L008_R1_001,NA,nasuta,female,42709,old,DBMN03_N714_S507_S158_L008_R1_001.sorted.bam
DBMN03_N723_S502,DBMN03_N723_S502_S47_L008_R1_001,NA,nasuta,male,42709,old,DBMN03_N723_S502_S47_L008_R1_001.sorted.bam
DBMN03_N723_S510,DBMN03_N723_S510_S239_L008_R1_001,NA,nasuta,male,42709,old,DBMN03_N723_S510_S239_L008_R1_001.sorted.bam
DBZW32_N701_S517,DBZW32_N701_S517_TAAGGCGA-GCGTAAGA_L001_R1_001,NA,albomicans,female,42192,old,DBZW32_N701_S517_TAAGGCGA-GCGTAAGA_L001_R1_001.sorted.bam
DBZW32_N705_S517,DBZW32_N705_S517_GGACTCCT-GCGTAAGA_L001_R1_001,NA,albomicans,male,42192,old,DBZW32_N705_S517_GGACTCCT-GCGTAAGA_L001_R1_001.sorted.bam
DBZW33_N710_S515,DBZW33_159_N710_S515_S346_L008_R1_001,NA,albomicans,female,42216,old,DBZW33_159_N710_S515_S346_L008_R1_001.sorted.bam
DBZW33_N711_S515,DBZW33_175_N711_S515_S347_L008_R1_001,NA,albomicans,male,42216,old,DBZW33_175_N711_S515_S347_L008_R1_001.sorted.bam
DBZW33_N705_S515,DBZW33_79_N705_S515_S341_L008_R1_001,NA,nasuta,male,42216,old,DBZW33_79_N705_S515_S341_L008_R1_001.sorted.bam
DBZW33_N706_S515,DBZW33_95_N706_S515_S342_L008_R1_001,NA,nasuta,female,42216,old,DBZW33_95_N706_S515_S342_L008_R1_001.sorted.bam